TEAM_ID,OBJECT,MISSION_TIME,PACKET_CNT,ALTITUDE,PRESSURE,SPEED,TEMP,VOLTAGE,HEADING,SOFTWARE_STATE
6159,CONTAINER,1,1,340,104,32,30,7.867123631790784,2,3
6159,CONTAINER,2,2,74,119,32,32,6.818210639942607,4,2
6159,CONTAINER,3,3,264,112,39,23,1.46831644810766,3,2
6159,CONTAINER,4,4,352,112,30,27,4.6150756263648285,7,6
6159,CONTAINER,5,5,204,104,34,26,0.6909523719919806,2,1
