6159,OBJECT,MISSION_TIME,PACKET_CNT,ALTITUDE,PRESSURE,SPEED,TEMP,VOLTAGE,HEADING,SOFTWARE_STATE
6159,CONTAINER,0,1,109,118,31,32,2.3513913157815445,5,2
6159,CONTAINER,0,2,147,117,32,23,3.8170835641283434,2,7
6159,CONTAINER,0,3,313,110,33,28,4.836673462752664,4,6
6159,CONTAINER,0,4,400,101,38,25,5.952128579631812,4,7
6159,CONTAINER,0,5,203,112,34,30,2.7646716007815773,2,6
6159,CONTAINER,0,6,21,101,39,25,7.872985682084233,6,1
